,eval_loss,eval_f1,eval_runtime,eval_samples_per_second,eval_steps_per_second,epoch
0,0.27777987718582153,0.6258516261516262,32.0814,77.927,4.894,1.0
1,0.26919886469841003,0.6627472127872127,32.0606,77.977,4.897,2.0
2,0.27675873041152954,0.6678484515484516,31.9975,78.131,4.907,3.0
3,0.2818003296852112,0.6736192118992118,32.0842,77.92,4.893,4.0
4,0.28309303522109985,0.6807581751581752,32.0509,78.001,4.898,5.0
