,eval_loss,eval_f1,eval_runtime,eval_samples_per_second,eval_steps_per_second,epoch
0,0.28044283390045166,0.6128803885003885,72.2963,34.58,2.172,1.0
1,0.23708578944206238,0.6969957864357864,87.0731,28.712,1.803,2.0
2,0.2154752016067505,0.7367111976911976,84.9805,29.419,1.847,3.0
3,0.20813989639282227,0.7450667821067821,86.1513,29.019,1.822,4.0
4,0.20497046411037445,0.7531243001443001,66.9917,37.318,2.344,5.0
