,eval_loss,eval_f1,eval_runtime,eval_samples_per_second,eval_steps_per_second,epoch
0,0.21825005114078522,0.7408443845043845,110.0343,22.72,1.427,1.0
1,0.20652370154857635,0.762323956043956,145.1794,17.22,1.081,2.0
2,0.2195873260498047,0.7639029148629148,43.5353,57.425,3.606,3.0
3,0.22942565381526947,0.7612338661338661,46.5119,53.75,3.375,4.0
4,0.24147067964076996,0.7568109135309136,43.4783,57.5,3.611,5.0
