,eval_loss,eval_f1,eval_runtime,eval_samples_per_second,eval_steps_per_second,epoch
0,0.4248979985713959,0.012584761904761904,32.0425,78.021,4.9,1.0
1,0.43066102266311646,0.25135492063492065,32.0785,77.934,4.894,2.0
2,0.42086219787597656,0.2946311688311688,32.0067,78.109,4.905,3.0
3,0.4321720600128174,0.29766196248196247,32.5211,76.873,4.828,4.0
4,0.42596977949142456,0.3168756132756133,32.0259,78.062,4.902,5.0
