,eval_loss,eval_f1,eval_runtime,eval_samples_per_second,eval_steps_per_second,epoch
0,0.18944823741912842,0.777991353091353,32.5484,76.809,4.824,1.0
1,0.18082448840141296,0.7995115617715617,32.7423,76.354,4.795,2.0
2,0.18193644285202026,0.8034637185037186,32.6674,76.529,4.806,3.0
3,0.1897302269935608,0.8018354267954267,32.6215,76.636,4.813,4.0
4,0.19476383924484253,0.8035894905094905,32.7833,76.258,4.789,5.0
