,eval_loss,eval_f1,eval_runtime,eval_samples_per_second,eval_steps_per_second,epoch
0,0.2441980540752411,0.6762448773448774,31.9318,78.292,4.917,1.0
1,0.23019707202911377,0.7135078632478632,31.9678,78.204,4.911,2.0
2,0.22591723501682281,0.7271016494616495,32.0057,78.111,4.905,3.0
3,0.2263004332780838,0.7327320834720835,31.9424,78.266,4.915,4.0
4,0.2316276580095291,0.7252560017760017,31.9966,78.133,4.907,5.0
