,eval_loss,eval_f1,eval_runtime,eval_samples_per_second,eval_steps_per_second,epoch
0,0.2054091840982437,0.7468788455988455,32.069,77.957,4.896,1.0
1,0.19322842359542847,0.7782179487179487,32.1113,77.854,4.889,2.0
2,0.19435028731822968,0.7842394183594183,32.0658,77.965,4.896,3.0
3,0.2044130116701126,0.7806550680038915,32.164,77.727,4.881,4.0
4,0.20885415375232697,0.7787103285603285,32.1551,77.748,4.883,5.0
