,eval_loss,eval_f1,eval_runtime,eval_samples_per_second,eval_steps_per_second,epoch
0,0.24318300187587738,0.7068361327561328,31.8756,78.43,4.925,1.0
1,0.24265509843826294,0.7279472816072816,31.8725,78.437,4.926,2.0
2,0.2540668547153473,0.7195109002109003,32.0263,78.061,4.902,3.0
3,0.2723890244960785,0.7157638250638251,32.0061,78.11,4.905,4.0
4,0.28392493724823,0.7140629970029969,31.7305,78.789,4.948,5.0
