,eval_loss,eval_f1,eval_runtime,eval_samples_per_second,eval_steps_per_second,epoch
0,0.24609345197677612,0.6782481096681097,112.6135,22.2,1.394,1.0
1,0.2264310121536255,0.7270349361749362,121.0521,20.652,1.297,2.0
2,0.2226593792438507,0.7347160217560218,36.8037,67.928,4.266,3.0
3,0.22816038131713867,0.7325704562104561,38.3143,65.25,4.098,4.0
4,0.23207157850265503,0.7335976578976579,39.0659,63.994,4.019,5.0
